student_id,course_id,grade,term
142,BIO102,66.9,S1
156,BIO102,69.4,S1
422,BIO102,57.3,S1
179,PHY101,55.8,S1
77,PHY103,67.9,S2
302,CHE101,47.4,S2
186,PHY103,73.0,S1
243,MAT103,45.0,S1
320,ENG102,76.8,S1
479,PHY104,67.5,S2
243,CHE101,65.7,S1
233,HIS101,62.8,S1
107,ENG102,67.8,S1
213,MAT103,91.3,S2
162,ENG102,86.7,S2
467,MAT102,94.2,S1
150,HIS102,78.7,S1
480,BIO102,48.5,S1
16,ENG103,88.4,S1
49,ENG101,69.7,S2
267,HIS102,51.7,S2
22,ENG104,63.1,S2
480,CHE102,56.7,S2
334,ENG103,61.7,S2
104,BIO102,51.5,S2
409,HIS101,59.8,S1
326,CHE101,35.7,S1
27,CHE101,72.6,S1
242,PHY101,54.2,S2
331,ENG104,81.1,S1
136,MAT104,59.5,S1
143,PHY103,79.3,S2
351,MAT101,100.0,S1
244,ENG104,73.4,S1
202,CHE101,68.6,S1
155,PHY102,52.6,S2
385,HIS102,54.9,S2
222,PHY103,78.8,S1
204,HIS101,79.3,S2
379,BIO104,50.6,S2
135,ENG103,63.2,S1
437,ENG103,44.1,S1
439,PHY103,73.4,S2
113,CHE104,70.5,S1
477,ENG102,57.3,S2
141,CHE104,64.0,S2
356,MAT103,72.2,S1
238,ENG103,93.6,S1
390,HIS101,64.3,S2
62,CHE103,45.8,S2
62,CHE103,52.0,S1
167,BIO103,59.9,S2
116,ENG101,78.5,S2
88,BIO103,66.1,S2
398,HIS104,52.2,S2
368,CHE104,64.9,S1
393,BIO102,64.3,S1
5,PHY102,77.6,S2
48,BIO104,49.6,S2
4,CHE104,71.5,S1
36,MAT102,79.8,S1
161,CHE101,60.8,S1
10,MAT101,73.9,S2
56,HIS103,65.5,S1
102,BIO104,31.9,S1
20,ENG104,71.7,S2
17,PHY103,59.5,S1
245,HIS103,98.5,S1
459,HIS102,78.8,S2
157,HIS101,45.8,S1
183,MAT103,79.1,S1
262,PHY104,69.8,S1
26,ENG102,69.6,S1
4,ENG102,69.5,S1
200,PHY103,95.1,S2
253,MAT104,69.3,S2
466,ENG104,72.3,S1
23,MAT103,63.5,S1
215,HIS103,59.4,S1
77,BIO104,64.9,S2
243,MAT101,77.0,S2
89,BIO103,44.9,S1
105,BIO104,58.3,S1
101,HIS104,40.8,S1
430,PHY101,69.0,S2
215,MAT104,68.2,S2
286,MAT104,80.9,S1
305,BIO104,43.3,S1
469,ENG102,86.1,S2
242,ENG103,59.2,S2
134,BIO102,72.0,S2
118,ENG103,72.9,S1
203,HIS104,71.0,S2
463,ENG103,54.6,S2
101,ENG101,72.6,S1
458,CHE102,62.9,S1
193,ENG101,75.1,S1
209,HIS101,47.9,S1
265,PHY102,96.5,S1
406,PHY102,67.2,S1
271,CHE104,56.8,S1
324,PHY101,59.8,S1
383,ENG102,55.3,S1
240,CHE103,69.6,S1
402,CHE102,62.3,S2
332,MAT104,74.4,S2
6,ENG102,60.6,S1
275,MAT102,88.6,S1
120,PHY104,65.6,S1
303,ENG104,76.5,S2
374,PHY103,49.2,S2
72,HIS103,59.6,S2
356,MAT102,95.7,S1
207,CHE101,74.6,S1
90,MAT104,63.9,S1
32,HIS103,62.8,S1
11,PHY102,71.0,S1
391,CHE103,74.6,S2
308,ENG103,68.4,S1
152,HIS101,69.5,S2
441,ENG103,92.4,S1
383,ENG104,77.0,S1
27,CHE104,38.6,S1
369,HIS104,72.9,S1
372,CHE103,75.2,S2
87,ENG101,77.9,S1
121,CHE101,68.0,S2
188,MAT102,81.1,S2
280,MAT101,67.9,S1
199,MAT103,80.7,S1
100,CHE101,68.1,S1
81,MAT104,85.1,S2
432,PHY102,58.4,S1
44,ENG101,81.3,S1
308,CHE101,70.7,S2
109,ENG102,47.6,S1
291,MAT101,87.1,S1
207,CHE104,27.1,S1
423,PHY104,77.2,S2
464,CHE104,44.2,S1
95,PHY102,63.3,S1
454,CHE102,37.6,S2
105,HIS104,59.6,S2
366,MAT101,75.1,S2
157,PHY102,79.3,S2
167,ENG102,53.6,S1
132,PHY101,52.1,S2
37,CHE101,72.4,S1
315,CHE101,55.5,S2
228,HIS101,84.3,S2
21,ENG101,79.8,S2
201,CHE104,68.5,S1
339,ENG104,81.3,S2
187,HIS103,69.8,S1
293,HIS102,61.3,S1
113,PHY104,76.3,S1
261,HIS103,47.0,S1
238,MAT104,89.6,S1
320,BIO104,58.8,S2
425,BIO104,73.4,S2
414,MAT102,73.6,S1
214,BIO102,61.5,S1
420,PHY101,55.9,S2
3,HIS104,79.4,S2
200,BIO101,56.3,S2
155,BIO102,72.0,S1
256,BIO102,88.6,S1
128,BIO103,68.8,S2
88,PHY102,59.8,S1
227,HIS102,56.1,S2
128,CHE104,59.4,S2
399,BIO103,61.5,S2
209,CHE102,81.1,S1
416,PHY101,76.5,S1
439,MAT101,76.9,S2
472,HIS102,65.3,S1
317,BIO101,48.4,S2
265,PHY101,100.0,S1
360,HIS101,64.7,S1
33,HIS103,77.1,S2
140,HIS102,63.8,S2
107,MAT104,81.9,S2
358,HIS104,59.6,S2
147,MAT103,74.0,S2
428,PHY103,66.0,S2
310,CHE102,76.1,S2
225,PHY101,72.6,S2
472,BIO103,58.9,S1
409,PHY103,72.8,S1
222,CHE103,68.2,S2
262,HIS102,71.9,S1
428,MAT103,73.7,S1
270,PHY103,77.1,S1
381,HIS104,78.4,S1
191,CHE102,75.3,S1
327,CHE104,51.7,S2
77,BIO104,74.7,S1
173,HIS101,66.7,S2
254,BIO103,51.6,S1
207,PHY103,73.9,S2
168,PHY101,73.3,S2
219,CHE104,58.8,S2
162,MAT101,83.5,S1
387,ENG102,75.7,S2
17,BIO103,87.4,S2
273,ENG102,61.4,S2
379,MAT102,64.1,S1
267,ENG103,72.7,S1
464,ENG102,76.0,S1
411,PHY104,71.7,S1
410,ENG104,88.5,S2
15,BIO102,69.1,S1
459,HIS103,45.8,S1
399,CHE103,44.0,S2
34,MAT101,90.8,S1
466,ENG103,74.7,S2
135,ENG102,70.9,S2
182,HIS104,68.4,S2
381,CHE102,47.2,S1
388,MAT103,63.2,S1
343,PHY102,62.3,S2
20,CHE101,85.6,S1
334,MAT103,68.3,S1
128,MAT103,87.7,S2
92,PHY104,65.4,S2
196,CHE101,56.8,S2
290,ENG103,56.5,S1
148,PHY101,78.0,S2
237,ENG102,78.9,S2
171,BIO103,53.9,S2
311,BIO101,62.5,S1
268,ENG104,55.8,S2
384,PHY101,76.8,S2
396,HIS102,76.4,S1
267,HIS102,66.5,S1
205,MAT103,89.0,S1
191,HIS104,82.0,S2
147,PHY102,70.5,S2
333,HIS101,57.1,S1
127,MAT103,59.3,S2
314,MAT103,72.3,S2
141,HIS103,69.1,S2
228,HIS101,56.6,S1
266,CHE101,42.7,S2
335,BIO103,52.2,S1
408,CHE103,60.3,S2
39,BIO101,72.8,S2
119,CHE101,35.0,S2
24,HIS102,60.1,S2
139,PHY103,73.8,S2
142,CHE104,67.0,S2
31,CHE104,60.8,S2
474,ENG104,61.8,S2
254,PHY101,75.0,S2
358,HIS101,64.2,S2
76,MAT101,80.3,S1
257,ENG101,89.7,S2
421,BIO102,88.7,S1
415,PHY102,83.1,S2
315,CHE102,54.2,S2
274,MAT103,64.3,S2
262,ENG101,77.2,S2
396,CHE102,49.5,S1
445,CHE101,62.1,S2
163,HIS104,66.2,S2
191,ENG104,69.7,S2
329,BIO101,78.7,S1
341,CHE103,49.6,S2
251,MAT102,68.5,S2
201,PHY102,69.6,S2
398,ENG102,80.8,S2
267,PHY103,78.2,S2
325,ENG101,71.6,S1
37,BIO103,59.3,S1
227,PHY102,62.2,S1
168,HIS103,60.8,S2
17,ENG103,56.5,S1
260,ENG103,67.9,S2
181,HIS104,97.0,S1
442,HIS101,69.3,S1
471,BIO104,60.9,S1
98,PHY101,27.0,S2
46,HIS104,60.8,S2
375,ENG101,75.9,S1
164,MAT104,69.6,S1
326,BIO101,71.1,S2
97,HIS101,41.8,S2
357,ENG102,69.9,S2
39,ENG102,68.6,S2
85,ENG101,76.8,S2
70,BIO102,56.7,S2
373,HIS103,65.9,S2
129,MAT101,76.8,S2
399,HIS102,66.6,S2
89,BIO101,50.7,S1
424,PHY103,94.1,S1
154,PHY103,70.0,S1
405,BIO101,66.8,S1
471,BIO101,51.7,S1
171,HIS104,50.7,S2
447,ENG102,67.8,S1
275,HIS101,57.3,S2
87,CHE101,68.5,S2
355,PHY101,72.7,S1
413,CHE104,50.3,S2
456,MAT103,67.2,S1
421,CHE102,72.3,S2
320,ENG103,89.3,S1
184,CHE104,69.4,S1
25,CHE103,82.4,S2
75,BIO102,52.6,S2
220,MAT101,88.8,S2
178,MAT103,100.0,S1
322,MAT102,82.2,S2
35,ENG102,63.5,S2
169,HIS103,76.4,S1
360,PHY102,79.6,S1
268,PHY104,57.8,S1
479,PHY102,59.4,S1
314,MAT102,78.2,S1
113,PHY104,73.7,S2
175,BIO103,84.3,S1
356,HIS102,73.0,S1
415,HIS103,64.4,S2
167,PHY104,59.7,S2
407,ENG101,88.4,S2
256,ENG101,63.2,S2
462,BIO103,61.1,S2
461,CHE104,57.1,S2
312,PHY102,62.9,S1
238,MAT102,73.5,S1
98,CHE103,56.2,S2
109,MAT101,66.9,S1
468,HIS102,65.4,S1
162,HIS104,83.2,S2
59,CHE102,66.1,S1
397,CHE104,57.2,S2
123,BIO103,64.5,S1
409,ENG103,63.2,S2
19,CHE104,69.1,S2
99,MAT101,58.2,S1
81,HIS103,61.5,S2
116,PHY101,69.8,S2
82,HIS104,75.8,S2
116,HIS102,65.6,S1
149,CHE103,65.8,S1
251,PHY102,88.2,S2
70,PHY102,82.4,S2
53,ENG103,76.8,S1
331,ENG103,62.9,S2
205,HIS103,51.7,S2
209,MAT101,56.3,S2
288,CHE102,48.6,S1
178,BIO102,61.5,S1
266,PHY104,54.6,S1
229,HIS104,53.0,S1
309,MAT104,84.2,S1
256,MAT101,67.7,S2
25,MAT104,55.8,S2
198,ENG102,54.8,S2
475,HIS103,73.0,S2
221,BIO101,60.4,S1
239,CHE104,54.8,S2
97,ENG102,47.7,S1
98,HIS101,81.9,S2
360,HIS101,64.7,S1
93,HIS102,74.7,S1
382,HIS103,63.6,S2
52,ENG103,52.5,S2
112,CHE101,63.6,S1
235,ENG102,51.5,S1
352,PHY103,76.6,S1
418,ENG102,58.2,S2
48,MAT104,82.7,S1
109,MAT104,48.0,S2
164,ENG102,61.5,S1
342,CHE104,51.0,S2
93,MAT104,67.9,S2
342,BIO101,77.8,S2
388,ENG102,70.7,S2
356,CHE102,80.0,S1
44,HIS103,63.2,S1
215,HIS104,71.3,S2
392,HIS104,70.4,S1
192,ENG104,64.5,S2
167,MAT104,53.9,S2
159,HIS104,61.7,S1
27,MAT103,52.1,S1
31,CHE102,38.9,S1
227,BIO104,79.5,S2
107,HIS102,59.6,S2
219,BIO104,53.8,S2
38,HIS101,66.6,S2
140,BIO102,57.7,S1
291,BIO101,65.3,S2
431,BIO104,63.6,S1
415,CHE104,36.3,S2
423,HIS103,54.6,S2
313,HIS101,75.2,S1
329,BIO104,70.8,S1
24,ENG101,86.0,S2
160,CHE101,75.0,S1
255,BIO102,34.3,S1
177,ENG104,84.7,S1
156,PHY103,92.2,S2
153,MAT101,73.1,S1
180,PHY102,67.9,S1
224,PHY104,69.7,S2
161,PHY103,83.6,S2
24,ENG102,80.6,S2
25,BIO101,87.2,S2
372,PHY104,66.1,S2
173,MAT102,87.4,S2
295,HIS104,59.1,S1
204,PHY102,90.9,S1
148,BIO103,61.0,S1
59,CHE102,60.3,S2
283,BIO101,61.0,S2
153,ENG103,48.0,S2
281,CHE102,51.0,S2
356,ENG103,93.1,S1
176,MAT101,97.0,S2
119,ENG103,,S1
217,MAT102,65.1,S2
101,ENG102,48.0,S1
80,MAT103,66.0,S2
460,BIO102,43.7,S1
198,BIO101,51.4,S1
385,CHE103,66.0,S2
9,ENG101,67.9,S1
29,PHY104,76.7,S2
263,HIS103,55.7,S2
104,MAT102,71.7,S1
360,BIO104,69.9,S2
423,CHE101,71.4,S2
158,BIO101,58.3,S2
278,MAT103,72.6,S1
52,MAT102,74.4,S1
103,PHY101,53.5,S1
31,HIS102,53.8,S2
406,ENG101,75.7,S2
65,PHY104,62.8,S2
400,HIS102,86.0,S1
364,HIS104,47.9,S1
19,CHE103,47.9,S2
104,MAT103,94.3,S2
59,BIO101,60.6,S1
447,PHY103,88.6,S1
228,HIS101,71.4,S1
83,MAT103,75.8,S1
321,MAT102,62.3,S2
76,MAT101,81.7,S2
172,BIO103,59.6,S1
170,MAT101,58.7,S2
345,CHE104,73.2,S1
229,HIS102,69.8,S1
66,HIS102,61.9,S2
46,PHY103,59.6,S1
63,ENG101,57.6,S2
89,MAT102,52.1,S1
87,ENG103,61.9,S1
193,CHE104,49.0,S1
105,BIO103,55.1,S1
25,PHY102,71.4,S2
383,BIO104,72.4,S1
63,ENG101,70.1,S1
62,PHY104,86.3,S2
79,MAT104,67.6,S1
405,BIO102,79.0,S1
231,CHE104,48.4,S2
63,BIO104,70.9,S2
174,ENG104,84.0,S1
61,CHE101,61.0,S1
211,BIO101,40.1,S2
355,PHY101,69.3,S2
165,HIS102,68.9,S2
94,MAT104,78.4,S2
436,PHY102,63.7,S1
401,CHE104,81.8,S1
282,ENG101,50.2,S2
180,ENG104,57.6,S2
251,MAT102,63.8,S1
141,MAT101,74.5,S1
155,PHY104,53.7,S2
479,BIO104,76.5,S1
303,MAT101,55.3,S2
13,MAT103,64.0,S2
410,BIO103,,S1
18,ENG102,71.3,S1
368,BIO103,54.0,S1
269,MAT101,70.8,S2
454,CHE104,50.4,S1
34,BIO103,76.2,S1
162,PHY101,51.8,S1
22,PHY104,62.0,S2
2,PHY103,78.4,S2
17,HIS103,65.2,S2
154,BIO103,76.4,S2
428,HIS103,61.8,S1
169,HIS101,73.7,S1
349,CHE103,96.0,S1
11,BIO102,75.0,S2
166,PHY104,67.9,S1
354,MAT101,71.8,S1
177,CHE103,35.7,S1
454,MAT104,72.2,S1
50,HIS103,71.2,S1
240,PHY102,67.6,S1
155,CHE104,70.1,S2
146,BIO103,46.0,S1
143,ENG104,60.6,S1
46,PHY103,64.5,S1
101,BIO103,81.0,S1
80,HIS102,65.3,S2
376,ENG101,64.7,S1
217,BIO104,57.9,S2
324,PHY103,81.2,S2
202,MAT104,77.4,S1
91,ENG101,49.9,S2
419,HIS102,47.8,S2
294,BIO103,51.4,S2
141,HIS102,56.8,S2
125,PHY101,70.4,S1
240,PHY101,57.3,S2
420,HIS104,74.6,S2
24,BIO104,32.0,S1
17,BIO102,73.4,S1
189,ENG101,69.2,S1
169,PHY101,74.8,S2
240,HIS103,66.1,S1
304,ENG101,69.0,S2
153,CHE104,50.4,S1
263,MAT104,64.8,S2
359,CHE104,56.8,S1
19,PHY103,74.4,S2
172,MAT104,74.3,S1
79,BIO102,53.0,S1
441,HIS102,65.8,S1
122,HIS101,63.6,S1
221,PHY101,82.4,S2
257,ENG103,71.4,S2
192,MAT104,79.2,S2
406,CHE101,48.5,S1
174,MAT101,81.2,S2
363,PHY101,68.8,S2
226,MAT102,80.8,S1
123,CHE101,43.7,S2
201,ENG104,59.9,S1
266,HIS101,58.8,S2
218,BIO101,59.8,S2
419,BIO102,62.3,S1
255,ENG103,73.5,S2
201,MAT102,74.5,S1
213,CHE103,50.7,S1
474,PHY102,62.9,S1
359,BIO104,64.1,S2
440,CHE102,64.0,S1
161,CHE101,75.0,S2
40,MAT102,83.0,S2
280,BIO101,75.3,S2
251,BIO101,61.4,S2
395,CHE104,66.0,S1
396,BIO101,79.7,S2
299,BIO101,56.1,S1
473,CHE103,68.7,S1
385,PHY103,80.3,S1
27,BIO104,67.4,S2
299,MAT101,77.4,S1
233,HIS104,72.0,S2
466,HIS102,63.0,S1
47,ENG101,64.9,S2
144,PHY103,67.4,S2
362,BIO103,55.9,S2
329,HIS102,72.6,S1
473,MAT102,70.4,S2
303,ENG103,78.9,S2
137,CHE101,72.7,S1
286,HIS101,75.8,S1
212,CHE102,52.1,S1
371,HIS101,78.4,S2
374,BIO103,66.9,S2
467,MAT103,45.8,S1
185,PHY104,61.4,S2
409,BIO102,58.8,S2
120,HIS101,60.8,S2
25,MAT102,61.7,S2
160,MAT104,76.6,S2
290,HIS102,91.8,S2
262,ENG104,52.7,S1
63,CHE102,74.7,S1
71,MAT101,70.7,S2
245,MAT103,70.7,S1
14,MAT101,65.5,S2
139,BIO103,38.1,S1
23,HIS103,64.2,S2
462,PHY101,63.5,S1
15,CHE101,65.3,S1
288,MAT101,73.0,S2
25,ENG103,70.6,S2
478,CHE102,51.2,S2
10,HIS104,75.0,S1
204,HIS103,65.9,S1
56,BIO101,49.8,S2
371,CHE103,74.8,S1
139,ENG103,73.6,S1
156,ENG102,63.0,S1
322,PHY102,72.0,S1
387,ENG102,57.3,S1
190,ENG103,60.6,S2
413,MAT101,85.3,S2
86,CHE102,57.8,S1
305,CHE101,77.4,S1
39,CHE104,62.1,S1
427,ENG103,73.0,S2
440,BIO102,50.1,S2
347,ENG101,47.4,S2
385,ENG101,74.1,S1
58,BIO102,76.1,S2
284,ENG101,49.9,S1
435,ENG104,49.7,S2
300,CHE104,66.9,S1
144,BIO101,94.8,S1
308,HIS104,68.3,S2
183,ENG101,71.6,S2
167,BIO104,91.1,S2
157,CHE102,45.8,S2
43,BIO103,43.8,S2
268,MAT104,73.3,S1
73,HIS103,69.6,S2
86,BIO104,67.9,S2
464,PHY104,56.0,S2
276,HIS101,72.5,S1
139,MAT102,82.3,S1
463,BIO101,44.0,S2
381,MAT103,70.0,S1
33,ENG104,92.4,S2
139,PHY104,75.0,S1
254,MAT102,98.2,S2
317,BIO101,61.7,S1
19,PHY104,77.1,S1
256,MAT103,45.4,S1
134,PHY104,72.4,S1
477,BIO104,72.6,S2
272,HIS102,49.3,S2
19,PHY104,69.5,S2
19,ENG104,87.9,S2
439,ENG103,63.5,S2
469,BIO104,79.9,S2
475,MAT101,76.0,S2
292,PHY101,92.9,S1
296,MAT104,74.6,S1
432,MAT102,79.1,S1
435,CHE104,31.0,S2
430,CHE101,64.2,S2
442,MAT104,63.9,S2
61,ENG101,52.8,S2
2,BIO104,65.0,S1
111,MAT101,82.2,S2
10,ENG103,77.8,S2
361,PHY104,73.5,S2
320,PHY102,63.9,S2
37,PHY101,75.1,S2
345,HIS104,55.4,S1
48,MAT103,79.4,S2
244,CHE103,57.9,S2
53,PHY102,90.4,S1
313,PHY102,69.7,S2
270,MAT103,56.7,S2
116,HIS101,74.0,S1
51,ENG103,72.4,S2
133,BIO101,76.9,S2
333,CHE102,65.2,S1
378,PHY102,80.3,S1
139,ENG103,93.0,S2
167,MAT101,70.6,S2
157,PHY101,90.8,S2
128,MAT104,100.0,S1
360,ENG102,70.3,S1
73,BIO103,69.5,S2
394,ENG102,83.6,S2
163,HIS101,73.9,S2
361,BIO101,77.1,S1
106,CHE101,35.5,S1
113,HIS104,60.8,S2
154,BIO101,70.0,S2
92,BIO101,65.3,S1
72,PHY102,64.9,S2
407,CHE102,57.7,S1
10,ENG101,66.7,S2
117,BIO103,53.2,S1
388,PHY103,52.9,S2
175,ENG103,59.8,S2
227,BIO103,62.7,S1
129,PHY104,62.7,S1
276,CHE101,45.9,S1
261,ENG102,54.8,S1
223,ENG102,77.8,S2
92,MAT101,78.3,S2
220,ENG104,61.1,S1
152,BIO101,68.5,S2
456,MAT103,81.3,S2
407,ENG101,59.3,S1
316,ENG102,79.0,S2
143,PHY101,75.2,S2
257,MAT103,74.8,S2
404,HIS101,71.6,S1
385,HIS103,60.9,S2
387,ENG103,67.4,S1
329,HIS102,77.0,S1
109,MAT104,95.0,S1
56,ENG101,66.1,S2
386,ENG103,91.5,S2
51,BIO102,50.3,S1
106,PHY104,76.4,S1
412,BIO102,58.2,S2
85,BIO103,57.8,S2
133,ENG101,46.8,S2
249,MAT101,100.0,S2
6,MAT101,88.0,S2
49,PHY103,91.6,S1
159,MAT104,76.6,S1
177,MAT102,67.1,S1
380,HIS104,48.5,S1
197,CHE101,39.4,S1
100,CHE103,48.9,S2
326,HIS101,61.6,S2
433,BIO102,50.3,S1
462,CHE104,64.9,S1
127,ENG102,90.5,S1
474,CHE102,63.2,S2
64,CHE102,54.5,S2
260,ENG104,77.1,S2
245,HIS101,58.4,S2
394,PHY104,58.0,S2
469,ENG101,89.8,S1
292,PHY104,76.1,S2
394,CHE102,47.9,S1
216,PHY104,57.4,S2
454,ENG102,57.1,S2
101,PHY103,75.8,S1
297,ENG102,66.0,S1
134,BIO103,51.8,S2
438,MAT104,75.8,S2
475,HIS104,87.3,S1
8,HIS104,81.9,S1
111,HIS101,69.3,S1
251,MAT101,79.3,S1
159,HIS101,46.4,S1
383,CHE103,50.8,S2
161,ENG104,73.9,S1
382,CHE101,68.8,S2
103,ENG103,44.4,S2
302,PHY102,63.9,S2
472,HIS101,78.7,S1
439,MAT104,75.4,S2
244,CHE104,45.2,S1
442,PHY101,63.6,S2
405,PHY101,60.7,S1
59,MAT102,89.3,S1
400,BIO101,49.4,S2
480,BIO102,73.1,S2
70,BIO102,72.8,S1
77,ENG103,82.0,S2
320,PHY104,54.5,S2
151,BIO103,56.5,S1
76,ENG103,84.1,S1
90,ENG101,72.7,S1
285,CHE103,50.7,S2
385,CHE103,65.3,S2
323,BIO102,43.8,S2
85,ENG101,61.6,S1
477,BIO101,77.9,S1
369,BIO102,92.5,S1
358,HIS101,58.4,S1
348,HIS104,73.2,S2
319,CHE103,68.7,S2
75,ENG104,77.9,S2
116,PHY103,47.0,S2
133,ENG104,59.6,S2
3,HIS103,57.9,S1
434,PHY103,72.0,S2
70,HIS102,89.8,S1
70,BIO104,84.4,S1
284,PHY103,33.1,S2
60,ENG103,65.6,S1
70,BIO101,80.1,S2
137,CHE102,51.1,S2
470,CHE104,85.8,S2
94,BIO103,65.0,S2
97,HIS102,72.2,S2
88,CHE101,66.9,S1
87,CHE104,57.6,S1
19,CHE102,50.6,S1
480,MAT103,63.0,S2
154,HIS104,77.2,S2
47,MAT101,75.1,S1
240,HIS103,54.6,S2
303,CHE103,55.7,S1
379,HIS103,85.3,S1
443,MAT102,71.8,S1
337,HIS103,73.2,S1
150,CHE102,37.2,S2
265,CHE103,77.4,S1
447,MAT102,61.9,S2
7,CHE102,76.2,S2
75,ENG104,73.4,S1
133,MAT101,69.7,S2
369,MAT101,59.7,S1
253,ENG102,61.1,S2
7,ENG104,83.5,S1
100,ENG102,59.7,S1
34,PHY103,73.2,S2
439,PHY101,40.8,S2
72,HIS104,41.6,S2
394,MAT101,88.9,S1
382,ENG104,76.4,S2
202,PHY104,79.8,S1
185,HIS104,57.1,S2
1,PHY101,64.4,S2
379,MAT103,67.6,S1
77,ENG101,80.0,S1
154,MAT102,56.2,S2
267,PHY103,78.6,S2
49,ENG104,63.1,S2
221,BIO101,46.7,S1
189,ENG104,73.8,S2
20,ENG104,57.4,S1
480,ENG101,70.6,S1
344,MAT101,68.8,S1
469,ENG102,92.2,S2
456,MAT102,75.3,S2
297,HIS104,69.9,S2
36,ENG103,80.5,S1
7,MAT104,74.2,S2
321,MAT103,82.4,S2
172,CHE103,69.1,S1
417,MAT103,71.1,S2
176,ENG104,75.9,S1
340,CHE102,52.8,S2
214,BIO102,54.6,S1
383,HIS103,66.3,S1
300,HIS102,53.0,S2
284,CHE101,34.5,S1
476,CHE101,51.5,S2
94,CHE101,69.7,S2
459,HIS104,57.8,S1
396,PHY102,68.3,S2
68,ENG101,76.6,S2
333,MAT104,57.0,S2
31,ENG101,90.5,S2
130,PHY102,94.0,S2
361,ENG104,63.4,S1
180,MAT103,70.2,S2
91,HIS104,52.0,S2
270,ENG104,81.2,S1
215,BIO104,80.6,S2
60,CHE102,49.7,S1
242,PHY102,81.7,S1
258,HIS103,54.7,S1
432,CHE103,42.1,S2
180,PHY104,72.5,S2
416,ENG104,76.4,S2
351,BIO104,65.1,S1
293,HIS104,72.0,S2
343,HIS103,54.2,S2
464,ENG104,78.5,S2
151,HIS103,75.6,S1
222,CHE103,80.6,S2
69,MAT103,49.4,S2
441,MAT101,73.7,S1
467,PHY101,76.1,S2
434,BIO103,37.1,S1
413,CHE104,68.8,S1
227,HIS104,63.2,S2
275,HIS103,53.1,S2
169,CHE101,78.5,S1
26,MAT103,81.0,S2
312,CHE104,71.1,S1
372,CHE104,44.3,S1
33,CHE103,55.7,S1
239,BIO104,71.5,S1
50,MAT104,80.7,S1
21,ENG104,77.2,S2
189,CHE101,69.1,S2
59,MAT102,85.7,S1
469,CHE104,60.3,S1
128,ENG102,53.8,S2
351,HIS103,83.6,S1
24,PHY103,79.5,S1
170,HIS104,58.7,S1
266,HIS103,75.3,S2
228,BIO102,64.6,S2
93,BIO101,77.6,S1
434,HIS103,52.3,S1
106,BIO103,65.0,S2
37,BIO104,70.1,S2
478,MAT101,75.4,S1
460,ENG104,67.5,S2
208,ENG104,44.9,S2
138,CHE104,57.1,S2
31,CHE101,46.9,S2
180,HIS103,67.7,S2
375,ENG101,29.7,S1
102,ENG102,60.3,S2
471,HIS102,64.3,S1
306,MAT104,63.9,S2
49,HIS104,76.5,S2
167,HIS103,65.5,S1
63,HIS101,74.2,S1
212,CHE104,54.8,S2
240,ENG101,69.6,S2
284,HIS102,66.2,S2
89,BIO102,74.1,S1
265,MAT103,79.7,S2
254,HIS102,73.2,S1
308,CHE102,85.0,S2
78,ENG101,77.8,S2
243,PHY104,91.1,S2
362,BIO101,62.7,S2
87,HIS104,76.8,S2
73,MAT102,84.5,S1
140,MAT104,82.8,S1
100,CHE102,76.3,S2
158,PHY103,80.9,S2
182,HIS101,39.9,S1
9,BIO102,61.4,S1
37,CHE101,56.7,S1
190,MAT102,58.2,S1
224,CHE104,61.3,S2
288,PHY101,75.6,S1
263,BIO101,60.5,S2
188,PHY101,78.7,S2
122,CHE103,70.3,S2
124,MAT104,55.9,S1
205,BIO103,73.4,S2
255,ENG101,62.3,S1
19,HIS101,54.6,S1
348,ENG104,70.5,S1
407,CHE103,48.1,S2
255,CHE102,54.9,S2
139,CHE104,68.8,S1
250,HIS101,73.3,S1
354,CHE104,79.4,S1
181,CHE102,58.2,S1
76,CHE103,70.5,S2
134,HIS102,79.2,S2
390,PHY104,56.3,S1
310,ENG104,63.7,S1
65,BIO103,75.7,S1
248,CHE104,51.2,S2
469,PHY101,79.7,S2
20,ENG103,80.1,S1
129,ENG103,52.8,S2
63,CHE101,68.0,S1
88,ENG104,71.0,S2
228,CHE103,72.9,S1
431,ENG104,71.4,S2
5,BIO101,56.3,S1
362,BIO102,63.0,S1
68,PHY104,79.7,S1
320,HIS101,80.1,S2
439,ENG101,69.7,S1
49,BIO102,50.6,S2
254,MAT101,73.5,S1
425,CHE103,77.8,S2
147,BIO103,66.0,S1
360,PHY104,83.4,S2
221,PHY104,67.1,S2
31,HIS102,70.7,S1
142,BIO102,63.0,S2
340,CHE103,46.3,S1
11,MAT102,70.3,S2
311,PHY101,59.3,S2
257,ENG104,71.2,S1
302,ENG103,66.8,S2
453,CHE103,52.3,S2
108,CHE101,56.4,S2
337,PHY104,96.3,S2
42,MAT102,72.4,S1
94,MAT101,91.2,S2
63,MAT104,62.9,S2
237,PHY102,80.5,S2
222,MAT101,60.3,S1
195,MAT101,64.6,S1
129,CHE101,75.2,S1
117,PHY101,61.7,S2
380,BIO101,50.2,S1
266,MAT103,75.0,S2
242,CHE104,78.8,S1
319,ENG102,64.9,S1
397,ENG104,57.9,S2
294,ENG104,69.5,S1
410,CHE102,78.1,S2
177,CHE103,64.8,S1
440,HIS101,65.5,S1
324,BIO101,43.1,S2
349,BIO101,56.4,S2
170,BIO101,61.1,S2
367,HIS102,51.1,S1
185,PHY101,90.2,S2
325,MAT102,98.3,S2
79,HIS102,40.9,S2
132,BIO104,58.6,S2
154,CHE103,81.7,S2
3,ENG103,100.0,S2
28,PHY104,65.6,S1
14,CHE104,44.6,S1
81,BIO101,38.4,S1
91,HIS102,60.9,S2
191,HIS103,53.7,S2
322,PHY104,63.5,S2
70,PHY103,69.3,S2
80,MAT104,97.8,S2
422,HIS102,70.8,S2
197,CHE101,55.9,S2
291,MAT104,88.1,S2
329,BIO101,54.1,S2
285,BIO104,54.1,S1
249,ENG103,60.1,S2
404,PHY101,70.4,S2
355,HIS104,70.4,S2
22,MAT103,74.4,S1
96,MAT102,73.9,S1
348,CHE101,52.9,S1
157,CHE102,61.8,S1
218,MAT104,91.9,S2
359,ENG102,75.8,S2
233,CHE102,35.5,S1
176,PHY103,68.9,S1
295,ENG102,72.6,S2
137,ENG102,43.5,S2
355,MAT102,75.0,S2
206,PHY102,76.1,S2
342,ENG102,81.0,S1
322,BIO101,64.0,S2
258,HIS102,67.8,S1
227,PHY101,64.9,S1
414,CHE104,78.2,S2
147,MAT102,62.1,S2
52,CHE101,50.1,S1
417,PHY102,53.2,S2
412,BIO102,56.6,S1
363,MAT102,85.5,S1
446,PHY104,69.3,S2
282,BIO101,77.1,S2
261,ENG103,74.4,S2
83,BIO104,52.2,S2
363,CHE103,43.6,S1
460,CHE104,61.0,S1
255,CHE101,56.2,S2
319,CHE104,71.4,S2
370,ENG103,56.1,S2
190,HIS101,45.8,S2
159,CHE101,51.7,S1
95,ENG103,63.0,S2
213,BIO103,85.7,S1
360,ENG104,64.9,S1
85,MAT104,88.2,S2
439,HIS104,61.9,S2
52,PHY104,61.8,S1
274,BIO103,68.3,S2
450,PHY103,70.7,S1
465,HIS102,59.5,S1
290,BIO103,70.2,S1
101,BIO102,35.9,S2
387,MAT104,62.7,S1
455,ENG102,68.7,S1
150,MAT101,62.4,S2
29,MAT103,66.5,S1
420,BIO102,67.5,S1
170,ENG101,74.9,S1
2,PHY101,55.8,S2
294,CHE104,49.1,S1
336,ENG103,87.3,S2
22,CHE102,54.1,S2
216,PHY103,83.4,S1
183,ENG104,67.6,S1
413,MAT102,77.1,S2
164,ENG103,66.4,S2
116,CHE103,82.4,S1
67,ENG104,44.7,S2
133,CHE102,63.2,S1
44,BIO104,57.7,S1
58,HIS103,73.8,S2
106,BIO101,58.3,S2
435,CHE101,60.3,S2
177,HIS104,88.3,S2
21,BIO104,56.5,S2
119,CHE102,53.4,S1
61,HIS102,44.0,S2
66,HIS102,71.3,S2
28,MAT102,75.1,S1
151,CHE102,22.7,S1
435,CHE102,66.2,S2
41,CHE101,62.0,S1
19,HIS103,77.0,S2
108,PHY101,80.6,S1
326,BIO103,56.3,S1
254,BIO102,67.6,S2
372,PHY101,65.9,S1
347,MAT104,70.1,S1
321,CHE101,81.7,S2
357,CHE103,54.2,S1
464,ENG104,77.4,S2
13,MAT101,77.1,S1
375,HIS104,49.5,S1
428,CHE101,49.8,S1
6,MAT104,73.5,S1
425,MAT103,74.4,S1
318,HIS103,57.4,S1
90,MAT104,74.8,S1
475,PHY102,59.6,S1
242,ENG103,78.8,S2
64,HIS104,64.5,S1
285,HIS102,66.3,S1
12,CHE103,42.8,S1
149,BIO104,59.4,S2
435,ENG103,79.4,S1
197,MAT103,60.4,S1
418,MAT103,72.8,S2
70,PHY101,64.4,S1
342,ENG101,74.7,S1
371,PHY104,79.4,S1
217,BIO104,56.4,S2
471,PHY103,60.3,S2
383,MAT104,86.0,S2
113,ENG102,83.0,S2
2,BIO104,59.7,S2
102,HIS102,36.0,S1
8,MAT102,77.7,S1
229,PHY102,100.0,S2
285,MAT104,93.0,S2
185,BIO103,61.5,S2
214,MAT102,57.1,S2
7,ENG101,50.8,S2
158,BIO104,59.0,S1
478,BIO102,60.5,S1
394,ENG104,71.0,S1
362,CHE102,63.5,S2
320,ENG104,59.2,S2
26,MAT104,90.5,S2
181,CHE103,65.9,S1
299,ENG103,86.4,S1
335,PHY101,63.9,S2
397,MAT103,99.5,S1
184,BIO103,56.2,S2
301,BIO102,68.4,S1
139,PHY103,48.6,S1
319,HIS103,64.3,S2
314,BIO101,69.6,S1
156,HIS104,78.0,S1
330,PHY103,40.3,S2
76,HIS104,57.6,S2
402,HIS103,47.5,S1
421,BIO101,79.5,S2
459,PHY104,57.2,S2
377,HIS102,66.3,S1
266,HIS101,71.7,S2
403,MAT103,80.5,S1
234,CHE101,63.3,S1
45,BIO102,65.9,S2
436,MAT104,65.5,S1
198,HIS104,62.4,S2
161,BIO101,68.4,S1
398,BIO102,63.6,S2
280,CHE104,59.6,S2
9,BIO104,61.6,S1
381,CHE102,69.4,S2
288,MAT101,78.8,S1
270,HIS102,65.0,S1
438,MAT102,82.2,S1
395,PHY101,64.9,S2
76,HIS102,82.3,S1
10,PHY102,73.7,S2
230,ENG103,68.0,S2
243,HIS104,57.1,S1
255,HIS103,66.6,S1
178,PHY103,67.3,S1
305,PHY104,87.4,S1
115,MAT102,84.2,S2
16,HIS103,67.9,S1
25,MAT103,98.4,S1
352,BIO104,81.2,S1
114,CHE104,43.5,S2
460,BIO104,52.1,S2
464,BIO102,67.8,S2
195,MAT104,62.8,S2
233,CHE104,60.3,S2
451,CHE102,62.4,S1
66,MAT103,85.1,S1
441,HIS101,90.9,S2
3,HIS102,73.7,S1
267,CHE104,59.8,S2
179,MAT103,79.0,S2
292,ENG104,85.0,S1
212,BIO104,76.7,S1
263,HIS101,54.3,S1
338,HIS101,75.4,S1
76,PHY104,76.4,S1
82,PHY101,65.7,S2
31,PHY104,56.2,S1
457,HIS103,63.5,S1
412,HIS102,90.2,S1
299,CHE104,61.1,S1
357,CHE103,51.3,S1
219,PHY102,74.5,S2
90,MAT102,71.3,S1
242,MAT102,51.0,S1
142,BIO104,82.8,S1
460,MAT101,70.3,S1
74,ENG102,56.6,S2
218,ENG104,,S2
454,ENG101,61.5,S1
159,MAT102,73.3,S1
269,HIS104,70.5,S1
116,MAT104,98.2,S1
384,HIS101,81.1,S2
388,CHE104,60.5,S1
87,MAT101,88.1,S2
65,PHY101,64.3,S2
441,MAT104,76.2,S1
421,MAT104,68.1,S1
112,ENG102,75.9,S2
465,MAT101,78.9,S2
342,MAT101,72.7,S2
70,MAT102,94.6,S2
431,BIO102,72.7,S1
142,MAT101,65.7,S2
219,PHY104,68.5,S2
461,CHE102,55.3,S1
66,MAT104,70.6,S2
302,ENG101,66.3,S2
246,ENG104,59.4,S2
476,HIS102,92.7,S1
448,HIS104,64.0,S2
163,PHY104,79.3,S1
337,MAT103,72.3,S1
178,HIS101,79.1,S1
251,BIO104,63.2,S2
25,MAT103,90.3,S1
227,ENG102,59.1,S1
407,ENG102,74.5,S1
202,HIS101,65.1,S1
477,CHE103,44.9,S1
90,ENG103,96.8,S1
81,CHE103,76.6,S1
190,MAT103,61.2,S2
301,BIO104,63.8,S2
374,BIO103,67.5,S1
17,HIS101,78.1,S1
469,PHY104,84.7,S1
54,HIS103,69.2,S1
324,BIO101,62.7,S1
135,HIS102,58.9,S1
382,PHY103,69.4,S2
207,ENG104,80.3,S1
339,BIO104,69.4,S2
247,PHY103,89.6,S1
184,BIO101,82.6,S1
400,HIS101,61.5,S2
214,HIS101,67.9,S1
429,ENG101,44.7,S2
413,BIO103,50.6,S1
242,ENG102,68.4,S1
427,BIO101,54.0,S1
342,BIO103,74.5,S2
326,CHE101,66.8,S1
325,HIS103,55.1,S1
390,HIS103,61.9,S2
18,ENG102,48.3,S2
183,ENG104,60.5,S1
142,ENG104,61.1,S1
103,BIO101,67.5,S2
141,BIO103,72.4,S2
156,PHY102,76.1,S1
96,HIS102,70.5,S1
351,PHY101,66.6,S1
237,ENG104,72.5,S2
94,CHE103,83.6,S1
11,ENG102,62.2,S2
109,CHE103,69.8,S2
16,ENG102,77.0,S1
75,HIS104,70.7,S2
98,ENG103,100.0,S2
242,MAT104,57.9,S2
86,ENG101,82.4,S2
427,PHY103,77.8,S1
7,PHY102,55.9,S1
1,BIO101,47.5,S2
479,MAT102,51.9,S1
317,HIS103,77.6,S1
193,MAT101,82.5,S2
314,ENG101,55.8,S1
79,CHE102,64.8,S2
5,HIS101,99.0,S2
55,PHY103,88.3,S2
408,PHY101,68.4,S1
404,CHE104,62.0,S1
336,HIS102,69.5,S2
184,HIS102,78.0,S1
275,PHY104,73.8,S2
467,PHY101,61.6,S2
19,MAT103,64.2,S2
75,CHE101,64.2,S1
58,ENG104,76.9,S2
135,MAT104,80.8,S2
308,BIO103,57.1,S2
309,PHY102,79.7,S1
393,CHE104,67.1,S1
442,CHE102,56.5,S2
422,CHE103,63.3,S2
182,CHE103,67.3,S2
115,CHE101,71.0,S2
158,MAT102,61.7,S2
42,BIO101,54.2,S1
19,ENG104,57.8,S2
127,ENG101,68.3,S2
349,ENG101,88.4,S2
432,PHY103,59.5,S2
403,HIS103,58.2,S1
196,ENG104,63.1,S1
377,MAT104,67.3,S1
343,BIO102,55.1,S2
190,HIS101,49.6,S1
418,PHY104,69.7,S2
465,MAT102,91.7,S2
125,BIO104,55.5,S1
475,MAT104,91.8,S1
404,HIS104,63.9,S2
391,PHY101,60.9,S2
477,MAT101,67.0,S2
375,CHE103,78.3,S2
281,CHE104,61.0,S2
171,PHY104,73.7,S1
330,MAT103,78.2,S2
277,CHE101,59.4,S1
376,MAT103,78.7,S1
261,BIO103,67.8,S2
310,BIO103,57.0,S1
435,CHE101,61.1,S1
477,MAT104,89.1,S2
405,BIO101,73.5,S1
233,BIO102,56.0,S2
164,MAT104,77.3,S1
439,PHY103,78.7,S2
245,HIS101,61.7,S2
469,CHE102,77.2,S2
89,PHY102,70.2,S1
379,CHE103,54.4,S1
119,BIO104,46.0,S1
88,CHE102,64.1,S1
287,MAT101,72.2,S2
37,HIS103,63.1,S1
335,PHY101,32.9,S1
219,PHY104,66.2,S2
464,ENG103,66.0,S1
305,PHY103,86.9,S1
99,BIO101,80.3,S1
119,MAT104,59.7,S2
90,ENG102,62.0,S1
378,ENG102,76.3,S1
234,BIO104,61.6,S1
211,HIS101,63.7,S2
5,ENG103,63.2,S2
314,HIS102,38.6,S2
376,CHE102,58.6,S1
212,PHY101,87.5,S1
314,MAT103,68.8,S2
400,BIO103,66.3,S1
297,BIO104,58.7,S2
146,HIS104,72.9,S2
396,ENG101,71.5,S1
452,HIS103,59.5,S1
292,BIO104,67.0,S2
162,CHE102,54.8,S1
465,ENG101,73.8,S2
390,MAT103,68.8,S2
217,CHE104,53.0,S2
281,BIO104,57.2,S2
329,CHE104,72.9,S2
179,ENG102,58.9,S2
240,CHE104,62.4,S1
433,ENG103,64.7,S2
155,PHY101,46.8,S2
158,CHE102,65.1,S2
409,BIO101,65.3,S2
291,HIS101,60.0,S1
132,HIS102,87.3,S1
236,MAT104,70.8,S1
393,BIO103,90.3,S2
81,MAT103,65.3,S1
102,HIS101,68.6,S2
355,CHE101,72.3,S1
140,BIO104,92.6,S1
176,PHY101,63.2,S1
250,HIS104,75.6,S2
276,ENG104,79.6,S1
304,MAT102,100.0,S2
159,BIO102,66.2,S1
110,ENG104,65.5,S2
134,PHY104,67.6,S1
223,PHY104,59.8,S1
438,CHE102,66.5,S1
291,BIO104,64.6,S1
304,MAT101,71.8,S2
301,MAT103,70.6,S1
300,PHY104,71.4,S2
273,MAT102,88.3,S1
137,PHY104,73.8,S2
345,BIO101,78.0,S2
448,BIO102,50.8,S1
140,BIO103,54.2,S2
237,MAT103,83.5,S1
83,PHY103,80.3,S1
62,ENG102,75.8,S1
213,PHY102,85.3,S1
178,PHY102,58.8,S2
108,HIS101,70.9,S2
49,HIS103,72.8,S1
447,PHY103,62.2,S2
131,HIS102,82.5,S1
141,HIS104,81.2,S1
51,MAT104,99.2,S2
364,CHE104,60.3,S1
45,PHY102,77.7,S2
248,CHE103,71.9,S1
137,CHE101,58.3,S1
326,ENG102,73.6,S2
89,PHY103,59.5,S2
340,MAT102,64.8,S2
383,ENG104,60.1,S1
375,BIO104,43.1,S1
229,BIO104,45.3,S1
223,MAT103,83.4,S1
431,MAT103,54.1,S1
356,BIO101,56.3,S2
430,MAT101,75.4,S1
328,MAT104,63.8,S1
398,CHE102,52.3,S2
386,CHE101,61.3,S2
198,BIO102,70.3,S1
3,PHY104,76.8,S1
313,ENG101,66.0,S2
6,CHE104,62.3,S2
180,PHY104,79.2,S1
237,BIO101,70.4,S2
310,CHE101,45.4,S2
464,MAT104,70.5,S1
400,MAT104,73.0,S2
338,BIO102,62.4,S1
421,HIS101,68.9,S1
277,PHY102,99.1,S2
456,ENG104,59.8,S2
451,ENG104,75.8,S1
51,PHY103,73.3,S1
298,PHY103,60.4,S1
371,CHE102,60.8,S2
365,MAT103,65.6,S1
332,MAT103,54.6,S2
205,PHY102,69.1,S2
466,PHY104,90.9,S1
338,CHE101,76.8,S2
393,PHY102,70.7,S1
193,CHE102,56.6,S1
401,BIO104,66.3,S2
176,MAT104,100.0,S2
3,PHY103,72.9,S2
445,PHY101,63.6,S2
175,PHY104,52.1,S1
480,ENG102,54.6,S2
341,ENG104,79.1,S1
110,BIO103,55.9,S2
233,CHE101,50.1,S1
67,MAT101,69.7,S1
101,PHY102,74.7,S2
19,MAT101,71.3,S2
25,BIO102,80.7,S1
62,HIS104,66.8,S2
409,HIS104,63.0,S2
252,ENG104,47.3,S2
154,ENG101,83.4,S1
451,PHY101,72.1,S2
30,PHY102,75.6,S2
143,BIO104,70.8,S2
107,MAT102,75.9,S1
349,CHE104,66.9,S2
140,PHY102,78.9,S1
324,ENG104,71.6,S2
220,MAT103,72.6,S1
192,MAT102,81.6,S2
214,HIS101,53.4,S2
188,BIO102,54.0,S2
447,ENG103,63.1,S2
296,ENG104,56.7,S1
200,PHY103,55.8,S2
366,PHY102,77.0,S1
361,HIS101,76.0,S2
17,PHY104,89.6,S1
434,CHE101,76.5,S2
40,ENG104,70.3,S1
157,MAT104,58.3,S2
434,CHE103,71.3,S2
85,ENG104,84.5,S1
198,CHE104,73.8,S1
422,MAT101,71.2,S2
176,BIO103,70.9,S2
417,PHY102,63.7,S2
71,ENG101,77.4,S1
33,BIO103,72.6,S1
22,HIS101,48.3,S1
203,CHE104,47.1,S1
74,ENG102,76.8,S2
187,PHY102,89.5,S2
188,CHE101,52.9,S2
240,CHE101,62.9,S1
200,PHY103,65.1,S2
132,ENG102,70.6,S1
475,ENG103,76.7,S2
16,BIO102,58.8,S2
213,CHE102,47.8,S1
83,PHY103,79.0,S1
82,MAT103,63.9,S2
369,PHY102,70.0,S2
92,ENG104,86.1,S1
332,HIS103,51.3,S1
72,MAT101,89.0,S2
47,PHY102,48.4,S2
477,CHE102,49.0,S2
234,BIO103,62.1,S1
213,BIO102,43.6,S2
303,MAT104,65.8,S1
185,CHE104,72.4,S1
39,HIS103,58.3,S1
1,PHY102,73.8,S1
276,PHY101,59.5,S1
130,BIO103,65.4,S1
462,CHE104,82.4,S1
307,MAT102,100.0,S1
218,MAT101,82.5,S1
468,PHY101,62.9,S1
363,PHY104,83.3,S1
151,BIO101,60.8,S1
368,MAT104,79.7,S1
422,PHY101,88.4,S2
218,BIO101,84.3,S2
197,BIO103,65.6,S2
71,PHY101,63.2,S2
20,HIS103,70.8,S1
1,BIO102,57.1,S2
175,ENG104,65.7,S1
76,CHE101,73.6,S2
366,ENG102,75.0,S1
169,ENG104,82.4,S2
331,BIO103,52.2,S2
97,HIS101,65.6,S2
310,PHY101,57.1,S2
399,MAT103,42.5,S2
135,CHE102,45.7,S2
256,HIS102,,S2
376,BIO103,69.1,S2
338,PHY104,58.6,S2
274,CHE103,61.6,S2
106,BIO104,68.5,S1
428,HIS104,48.2,S2
49,MAT104,65.6,S2
448,ENG101,66.7,S2
85,CHE103,65.9,S1
78,HIS104,63.3,S2
319,ENG101,64.3,S2
35,PHY101,75.0,S1
135,CHE101,65.4,S2
21,HIS102,58.1,S2
325,ENG102,68.6,S2
93,ENG102,58.4,S2
404,BIO104,56.9,S2
237,HIS103,81.4,S1
354,MAT101,58.0,S1
246,PHY102,57.3,S2
237,HIS104,51.6,S2
434,PHY103,64.5,S2
2,PHY102,65.7,S2
333,MAT104,71.1,S1
465,CHE103,59.2,S2
289,CHE102,75.4,S1
125,PHY103,78.0,S2
208,HIS102,72.0,S2
279,CHE103,65.7,S1
314,PHY104,80.6,S2
318,ENG104,79.6,S2
397,HIS103,56.6,S1
397,CHE101,60.9,S1
83,HIS104,74.4,S1
289,MAT102,77.4,S2
93,PHY101,78.6,S1
157,MAT103,91.1,S2
112,MAT101,61.6,S1
191,ENG102,67.4,S2
163,ENG104,67.0,S1
21,PHY102,83.1,S2
424,BIO101,55.7,S1
358,HIS102,76.3,S2
303,CHE101,58.6,S2
78,CHE101,61.4,S2
127,MAT101,72.5,S1
19,MAT104,80.5,S2
153,ENG102,69.3,S2
344,BIO103,91.3,S1
304,PHY103,84.9,S1
388,BIO103,51.5,S2
172,MAT102,72.1,S1
406,HIS102,59.4,S2
59,HIS101,60.2,S2
146,BIO104,47.4,S2
165,PHY103,75.0,S1
325,ENG103,62.8,S2
69,CHE101,59.7,S1
411,CHE104,62.7,S1
453,CHE101,58.7,S1
151,ENG103,63.8,S2
338,HIS104,66.0,S2
182,HIS101,49.3,S2
396,MAT103,79.7,S2
42,MAT102,68.6,S1
443,ENG104,52.9,S1
37,ENG101,52.0,S2
456,PHY101,,S1
229,CHE102,66.2,S2
123,MAT101,81.6,S2
11,PHY102,77.2,S2
146,MAT101,69.0,S2
432,HIS102,50.9,S1
119,PHY103,69.1,S1
358,PHY101,70.5,S2
222,ENG102,66.3,S1
277,BIO101,43.9,S2
332,HIS101,77.0,S2
156,HIS103,61.9,S1
475,MAT103,71.3,S1
351,HIS102,68.6,S1
165,ENG102,57.8,S2
15,MAT103,72.4,S1
328,HIS103,81.7,S1
207,ENG104,67.4,S2
260,ENG102,52.6,S2
148,CHE102,59.1,S2
146,ENG104,75.4,S2
232,CHE104,32.6,S1
98,ENG103,66.4,S2
447,HIS101,100.0,S1
337,MAT102,65.2,S2
142,CHE103,65.3,S2
134,BIO101,55.6,S1
353,MAT104,89.0,S2
103,ENG102,72.4,S2
215,CHE104,73.0,S1
83,CHE101,67.4,S1
230,CHE102,60.6,S2
54,CHE102,52.5,S2
159,ENG103,61.9,S1
301,BIO103,63.6,S1
289,ENG104,68.5,S1
101,HIS103,53.9,S2
264,BIO102,89.5,S1
436,ENG101,69.8,S1
257,HIS102,54.5,S2
270,HIS101,62.4,S1
215,HIS104,48.7,S2
103,HIS102,38.5,S2
47,PHY101,65.9,S1
33,PHY102,91.6,S2
290,HIS104,34.2,S2
426,CHE102,51.7,S1
35,CHE103,56.6,S2
262,HIS101,58.2,S1
46,ENG101,75.3,S1
288,MAT104,74.1,S1
242,ENG101,78.0,S1
375,HIS104,60.8,S1
402,BIO104,82.1,S2
281,CHE104,64.7,S1
374,MAT101,74.2,S1
18,PHY102,72.5,S1
44,HIS104,76.3,S1
476,HIS104,64.6,S1
345,CHE104,62.6,S1
323,CHE104,69.5,S2
439,ENG103,76.3,S1
254,HIS102,50.7,S1
346,ENG104,59.5,S2
448,ENG101,78.6,S2
338,CHE102,55.2,S2
163,HIS104,75.5,S1
333,PHY103,66.2,S1
347,PHY102,82.8,S2
252,MAT102,69.1,S1
15,BIO104,62.0,S2
262,CHE104,86.1,S1
297,BIO102,47.4,S2
89,MAT101,75.1,S2
460,MAT104,73.4,S1
127,HIS101,54.6,S2
446,MAT104,89.2,S2
295,BIO104,64.0,S1
272,CHE103,48.8,S2
467,MAT104,79.3,S1
186,CHE103,39.3,S1
198,BIO103,79.8,S1
343,ENG102,61.6,S2
449,MAT101,72.5,S2
184,HIS104,63.0,S2
406,PHY104,55.2,S1
403,ENG104,82.8,S1
440,HIS101,72.4,S1
224,ENG101,58.0,S1
255,MAT103,100.0,S2
310,MAT102,62.0,S1
8,BIO104,51.6,S2
242,PHY102,100.0,S2
6,PHY102,74.7,S2
460,HIS102,53.5,S1
51,HIS101,72.3,S1
338,BIO102,31.6,S2
60,PHY103,67.0,S2
293,BIO101,63.8,S1
283,MAT103,82.1,S2
34,BIO101,52.1,S1
236,HIS101,59.5,S1
39,ENG101,75.3,S1
303,PHY101,68.6,S2
395,PHY102,90.3,S2
6,MAT102,79.8,S2
105,HIS103,51.3,S2
115,CHE103,65.1,S1
370,PHY103,100.0,S2
152,MAT103,50.6,S2
171,BIO104,56.1,S1
195,HIS103,63.6,S2
77,PHY103,71.3,S1
427,HIS103,57.0,S2
212,ENG103,78.7,S1
438,CHE102,77.9,S2
85,ENG104,81.5,S2
396,PHY104,77.6,S2
64,HIS101,87.1,S2
443,HIS104,62.0,S2
150,HIS104,66.6,S2
325,CHE102,61.9,S2
252,CHE102,56.7,S1
66,HIS104,74.8,S2
241,BIO104,59.3,S1
477,ENG104,89.3,S1
85,HIS102,48.8,S1
53,MAT104,87.3,S1
84,MAT103,57.3,S1
106,BIO101,52.8,S1
325,ENG102,59.8,S1
409,MAT102,61.4,S2
335,HIS101,54.7,S2
131,HIS104,61.1,S2
148,CHE104,47.2,S2
68,HIS103,54.8,S1
69,HIS103,63.6,S2
40,CHE102,83.4,S2
119,HIS103,53.3,S2
167,CHE101,74.0,S2
421,MAT104,88.3,S1
440,BIO103,70.0,S1
391,PHY101,66.6,S2
84,ENG101,68.3,S2
106,PHY101,62.4,S1
244,HIS104,43.1,S1
445,CHE103,85.5,S2
388,CHE104,52.6,S1
216,MAT102,90.3,S1
309,BIO101,46.7,S1
22,ENG103,82.2,S1
462,ENG103,67.8,S1
412,ENG102,78.2,S1
21,PHY102,67.0,S2
166,CHE104,64.2,S2
56,BIO104,69.7,S1
312,CHE103,66.9,S1
131,MAT102,77.5,S2
327,MAT104,92.1,S1
398,CHE102,39.5,S2
435,HIS103,47.7,S2
224,MAT102,86.8,S1
355,HIS102,63.1,S1
108,BIO102,59.6,S2
88,CHE104,52.2,S1
39,CHE104,54.1,S1
207,MAT102,66.1,S2
23,HIS104,58.6,S2
460,PHY101,74.9,S1
243,HIS102,87.8,S2
395,ENG104,67.3,S2
158,MAT104,76.0,S2
299,PHY101,63.2,S2
299,HIS103,58.7,S2
333,BIO103,68.0,S1
215,CHE104,73.5,S2
319,PHY102,62.4,S1
50,CHE104,61.8,S2
245,CHE103,54.9,S2
284,HIS101,43.7,S2
405,HIS103,81.9,S2
288,HIS101,65.5,S2
291,CHE101,71.7,S1
84,HIS104,79.7,S2
279,PHY102,79.1,S2
248,PHY102,57.5,S1
366,BIO103,50.9,S1
188,HIS104,73.2,S1
8,ENG104,81.3,S1
134,HIS103,66.5,S1
100,HIS101,63.1,S2
184,BIO101,55.8,S2
472,ENG103,65.4,S1
468,HIS104,78.9,S2
232,PHY101,72.9,S2
439,HIS103,49.5,S1
186,CHE102,63.0,S2
247,MAT102,89.1,S2
231,HIS104,53.3,S2
153,MAT102,83.2,S1
370,HIS103,77.0,S1
6,PHY102,48.5,S1
289,ENG103,58.1,S2
348,ENG104,75.8,S1
444,ENG104,82.5,S2
395,HIS102,43.9,S2
120,BIO101,47.0,S1
105,MAT104,80.3,S1
25,BIO102,70.1,S1
218,MAT101,93.4,S2
430,CHE104,58.4,S1
64,MAT104,67.1,S1
48,CHE101,31.5,S1
93,BIO102,45.2,S2
228,PHY104,79.3,S2
102,HIS101,76.6,S2
435,PHY101,85.7,S1
255,ENG101,79.2,S1
409,HIS104,80.6,S1
405,PHY103,53.9,S1
185,CHE103,54.6,S2
367,ENG101,69.1,S2
155,HIS103,61.3,S2
19,MAT103,75.0,S1
390,CHE101,84.0,S1
435,BIO104,84.0,S1
401,MAT103,63.8,S2
415,CHE103,46.8,S1
216,HIS104,49.9,S1
343,PHY103,59.3,S2
391,CHE103,66.6,S2
424,PHY103,69.5,S1
323,MAT102,91.2,S2
92,BIO104,66.2,S1
203,ENG102,69.5,S2
340,PHY102,77.1,S1
101,HIS103,61.4,S1
218,CHE101,49.4,S2
62,PHY103,78.3,S1
88,HIS102,55.5,S2
206,PHY104,76.9,S2
144,PHY103,75.1,S1
146,ENG101,97.1,S1
76,CHE101,66.0,S2
372,HIS101,54.4,S1
123,HIS104,65.2,S2
12,BIO103,75.1,S1
319,HIS103,57.7,S2
173,ENG101,87.7,S2
420,PHY103,60.9,S1
21,HIS103,30.7,S2
211,CHE104,48.8,S2
321,PHY104,66.5,S2
387,CHE102,45.0,S1
237,CHE102,59.7,S1
278,ENG101,86.6,S2
253,PHY104,64.4,S2
25,ENG102,61.5,S2
133,CHE102,73.2,S2
401,ENG103,70.3,S2
350,MAT104,79.4,S2
73,MAT103,76.9,S2
165,CHE101,63.2,S2
107,BIO104,73.9,S1
157,PHY104,80.3,S2
111,HIS103,38.9,S2
430,CHE103,90.4,S1
175,ENG103,86.5,S1
469,CHE101,64.7,S1
204,MAT103,100.0,S2
380,HIS102,67.4,S2
165,MAT101,81.7,S1
360,MAT102,83.8,S1
384,MAT103,75.3,S2
359,HIS102,75.1,S1
429,CHE101,73.1,S1
374,BIO101,68.0,S2
223,CHE104,58.7,S2
227,ENG102,74.7,S1
133,BIO101,49.3,S2
182,PHY104,56.0,S2
53,CHE101,56.3,S2
275,PHY101,81.7,S2
331,MAT102,78.8,S2
229,BIO101,61.9,S1
307,BIO104,71.5,S1
418,CHE102,59.2,S2
242,CHE102,77.7,S2
224,ENG103,69.7,S1
434,BIO104,63.2,S2
38,CHE102,56.8,S1
314,ENG101,62.3,S1
88,BIO101,63.7,S2
454,MAT102,65.9,S1
443,HIS103,58.4,S2
315,CHE104,61.5,S1
237,CHE104,89.2,S1
411,MAT102,63.1,S1
69,PHY104,85.6,S2
30,HIS104,90.8,S1
193,MAT103,91.1,S2
399,CHE102,88.3,S2
200,HIS101,57.6,S2
108,HIS103,53.5,S1
158,HIS103,80.6,S2
52,PHY102,72.0,S1
445,MAT102,54.0,S2
33,PHY102,56.8,S2
190,CHE102,71.4,S1
54,CHE102,67.0,S2
124,HIS102,56.1,S2
257,MAT104,71.0,S1
292,BIO102,61.2,S1
237,MAT103,100.0,S1
292,MAT101,73.4,S1
421,ENG102,62.9,S1
16,ENG104,51.9,S2
63,BIO101,86.4,S2
174,HIS102,64.1,S2
251,ENG101,63.4,S1
118,ENG102,68.9,S2
14,HIS103,73.1,S2
327,PHY103,55.7,S2
59,CHE102,58.1,S1
405,HIS103,80.9,S1
33,MAT101,87.5,S2
95,CHE101,33.9,S2
434,MAT103,92.6,S1
323,HIS103,45.9,S2
356,BIO104,59.5,S2
193,PHY102,90.2,S1
213,HIS101,71.4,S2
274,MAT102,86.8,S2
324,CHE104,74.5,S2
352,ENG102,30.5,S1
354,CHE104,35.5,S2
72,BIO102,42.2,S1
226,PHY102,83.3,S1
314,BIO101,54.7,S2
123,HIS102,60.2,S2
152,CHE101,55.5,S2
445,ENG101,58.2,S2
319,PHY103,54.5,S1
125,ENG103,60.7,S1
168,MAT101,76.9,S2
105,PHY102,56.5,S2
160,BIO102,72.2,S2
469,MAT104,53.0,S1
7,BIO102,60.9,S2
308,CHE103,65.9,S1
291,CHE101,75.7,S1
417,CHE101,68.8,S1
229,HIS103,73.8,S2
185,PHY101,65.2,S1
35,ENG102,58.3,S2
126,PHY102,72.9,S2
351,BIO104,63.0,S2
181,ENG103,69.7,S1
243,BIO101,43.6,S1
192,HIS102,46.7,S1
438,BIO103,73.9,S1
337,ENG104,65.1,S2
229,PHY102,60.6,S1
344,HIS104,79.9,S2
131,HIS101,77.7,S2
145,PHY104,82.4,S2
123,MAT102,60.9,S2
379,BIO102,79.3,S2
106,PHY101,93.2,S1
177,BIO104,74.3,S1
169,BIO102,70.8,S1
383,ENG102,75.4,S1
469,HIS103,69.4,S2
178,PHY103,77.6,S1
157,HIS101,67.6,S2
333,CHE103,,S2
468,HIS103,40.1,S1
92,HIS104,74.3,S1
110,PHY103,59.2,S2
398,HIS102,58.0,S1
171,ENG101,53.2,S1
13,HIS104,66.8,S2
291,MAT103,77.2,S2
327,PHY103,68.8,S1
335,PHY102,78.7,S1
454,CHE103,43.1,S1
390,BIO101,51.4,S2
99,ENG103,61.5,S2
167,PHY102,90.5,S2
430,HIS103,50.1,S1
458,MAT102,75.0,S1
312,PHY103,63.0,S1
393,HIS103,45.8,S1
176,PHY104,79.7,S2
58,CHE101,62.8,S1
327,PHY102,75.9,S2
442,BIO104,81.4,S2
419,CHE104,82.1,S2
62,ENG103,49.1,S2
65,BIO102,56.0,S2
155,CHE101,34.9,S2
361,ENG103,55.1,S2
68,MAT101,52.8,S2
218,HIS102,59.4,S2
68,HIS102,77.7,S1
19,HIS102,74.3,S2
429,MAT104,100.0,S1
151,PHY103,59.1,S2
174,HIS102,48.9,S2
85,HIS102,69.7,S1
222,HIS102,65.5,S1
95,PHY104,64.6,S1
199,ENG101,64.2,S1
47,PHY104,56.0,S1
253,MAT101,66.0,S2
397,CHE102,52.0,S1
297,PHY103,60.7,S2
135,BIO104,59.4,S2
292,ENG104,86.1,S1
42,CHE103,49.2,S1
440,ENG104,74.8,S1
405,HIS102,72.3,S1
181,BIO102,51.8,S1
472,MAT103,97.9,S1
130,CHE103,73.0,S2
225,BIO102,75.5,S2
150,HIS103,74.3,S2
275,MAT103,89.1,S1
7,MAT103,88.8,S1
120,PHY103,56.8,S1
99,BIO101,86.9,S1
192,MAT101,94.6,S1
262,PHY101,78.9,S1
282,PHY104,65.4,S2
174,PHY104,70.7,S2
321,MAT104,75.4,S1
49,HIS102,54.7,S2
96,BIO103,56.3,S1
208,ENG101,56.1,S1
126,HIS103,51.1,S2
262,HIS101,77.2,S2
45,PHY102,65.4,S2
346,CHE104,45.5,S1
68,BIO103,68.6,S2
35,MAT103,62.0,S1
156,PHY103,64.5,S2
5,CHE103,43.3,S2
3,CHE103,56.6,S2
470,BIO103,66.6,S1
134,ENG104,72.5,S2
373,CHE103,,S1
268,PHY104,50.4,S1
131,MAT101,84.1,S1
57,ENG103,77.1,S2
398,BIO104,51.0,S1
240,HIS102,55.9,S2
356,MAT104,82.3,S2
343,PHY102,80.4,S2
213,ENG102,74.0,S1
312,MAT103,73.4,S2
405,CHE102,58.2,S2
366,CHE102,50.1,S2
444,HIS104,63.0,S1
142,CHE104,74.1,S1
412,BIO103,48.8,S2
260,PHY102,80.0,S2
74,HIS103,71.9,S1
32,BIO102,49.3,S1
76,HIS104,74.4,S1
24,MAT104,51.0,S2
282,BIO101,32.4,S1
466,PHY102,74.9,S1
246,CHE103,78.7,S2
248,MAT102,58.9,S2
30,HIS104,69.6,S2
333,CHE104,76.7,S2
71,ENG101,85.4,S1
89,MAT103,100.0,S1
151,HIS102,57.2,S1
451,HIS103,60.2,S2
256,ENG103,75.4,S1
450,HIS104,64.4,S1
149,PHY101,74.2,S1
123,PHY101,57.6,S1
171,ENG103,55.1,S1
38,HIS101,58.3,S1
108,CHE101,57.7,S1
211,BIO101,77.8,S1
403,CHE103,78.9,S1
365,CHE104,54.7,S1
424,ENG103,66.4,S2
459,MAT104,72.4,S2
197,BIO101,77.9,S1
372,PHY102,70.7,S2
130,HIS103,82.8,S1
282,CHE104,69.5,S1
23,HIS104,63.0,S2
228,HIS101,55.6,S1
201,PHY103,58.3,S2
237,CHE103,50.5,S1
252,PHY103,57.6,S2
58,CHE101,64.8,S1
19,PHY101,82.0,S2
283,ENG103,64.7,S1
363,HIS104,45.0,S2
93,ENG104,76.7,S2
127,ENG102,57.8,S2
273,BIO102,58.7,S1
190,ENG102,49.5,S2
347,BIO103,68.0,S2
42,PHY101,66.9,S2
395,BIO101,71.8,S1
174,CHE103,66.2,S1
177,BIO104,69.0,S1
21,CHE103,70.1,S1
93,PHY103,78.1,S2
190,CHE104,64.7,S1
124,MAT103,92.0,S2
368,PHY103,50.0,S2
75,PHY103,56.5,S1
143,PHY101,56.1,S2
95,BIO101,65.3,S1
200,BIO102,68.4,S1
413,CHE104,67.9,S2
87,CHE102,59.6,S1
295,CHE102,86.7,S2
434,HIS104,73.2,S1
202,HIS101,65.9,S1
73,ENG103,59.5,S1
378,ENG104,73.9,S2
85,CHE102,73.0,S1
341,ENG101,68.4,S1
360,HIS104,69.8,S2
125,HIS102,57.8,S1
415,MAT104,88.8,S2
82,HIS102,36.3,S2
395,CHE104,66.3,S1
260,HIS101,87.7,S2
384,CHE101,54.3,S1
37,ENG101,62.5,S1
4,PHY104,70.9,S2
345,HIS102,74.5,S2
153,HIS102,64.1,S1
77,MAT104,72.7,S2
441,ENG104,73.9,S1
434,MAT101,76.4,S1
445,HIS102,54.6,S2
44,PHY102,66.7,S1
362,PHY103,46.8,S2
353,HIS101,60.5,S1
30,ENG104,51.0,S2
172,MAT102,74.5,S1
102,CHE103,59.9,S2
37,CHE104,64.5,S2
394,BIO103,53.8,S2
192,HIS104,61.8,S1
125,CHE103,76.1,S2
46,ENG101,70.4,S1
278,HIS102,51.6,S2
54,ENG104,72.0,S2
4,MAT104,73.0,S2
155,PHY101,52.9,S1
118,ENG103,72.5,S1
134,MAT102,51.7,S2
187,PHY104,63.9,S2
28,HIS103,67.1,S2
443,HIS103,73.5,S1
95,ENG101,83.9,S2
348,MAT102,64.6,S1
302,HIS101,65.4,S1
298,CHE103,60.8,S1
102,MAT102,73.3,S1
40,ENG103,66.6,S2
383,CHE102,58.0,S1
42,HIS102,71.4,S1
317,HIS102,64.7,S1
390,HIS101,74.3,S1
59,PHY104,59.6,S1
329,CHE103,58.3,S1
289,MAT103,80.1,S2
110,HIS102,59.2,S1
12,PHY103,87.3,S1
449,MAT104,96.7,S2
434,HIS102,72.0,S2
301,CHE103,53.1,S1
15,PHY104,76.2,S2
286,ENG103,73.0,S2
478,HIS104,51.9,S2
14,ENG101,75.3,S2
370,MAT102,66.5,S1
278,BIO101,68.1,S1
292,PHY104,64.0,S2
228,ENG103,77.6,S2
42,HIS101,67.7,S1
231,MAT102,81.5,S2
218,BIO104,73.7,S2
180,MAT104,100.0,S2
138,PHY102,75.9,S1
222,BIO104,60.2,S1
411,MAT104,67.3,S2
41,PHY101,85.1,S1
121,CHE101,68.8,S2
341,PHY103,59.4,S1
413,CHE103,52.3,S2
341,ENG102,84.4,S2
171,ENG101,48.9,S1
269,CHE102,76.1,S2
55,BIO103,78.7,S2
286,CHE103,68.0,S1
234,HIS102,80.7,S1
418,PHY104,75.9,S1
27,ENG103,70.7,S1
204,MAT101,89.6,S1
129,CHE101,69.7,S2
347,MAT101,70.4,S1
15,CHE103,62.5,S1
327,HIS104,63.0,S2
378,PHY101,79.2,S1
92,MAT101,82.0,S2
441,HIS104,67.6,S1
201,BIO101,79.6,S2
139,BIO101,62.1,S2
391,ENG102,68.2,S2
82,ENG101,83.5,S1
404,ENG103,81.0,S1
176,ENG102,66.0,S1
441,ENG104,78.5,S2
229,PHY104,51.0,S2
280,BIO101,63.9,S1
409,ENG104,74.3,S1
312,ENG102,69.9,S2
458,PHY104,76.2,S2
76,HIS101,56.3,S2
423,ENG103,59.6,S1
467,HIS102,73.4,S1
392,MAT103,71.5,S1
456,PHY101,,S1
265,BIO102,75.2,S1
363,HIS101,52.8,S2
355,ENG101,55.9,S2
62,BIO102,54.0,S2
208,BIO103,46.6,S2
308,PHY101,70.8,S1
93,PHY102,74.5,S2
79,ENG101,61.9,S2
290,MAT102,64.7,S1
1,BIO101,58.5,S2
72,ENG104,85.6,S1
479,HIS102,61.3,S2
465,ENG103,71.6,S2
379,ENG104,62.8,S1
168,CHE102,69.5,S1
187,BIO101,42.9,S1
115,MAT102,66.9,S2
475,BIO102,41.2,S2
357,CHE104,58.0,S1
240,MAT101,77.1,S2
232,BIO102,61.2,S1
88,MAT101,66.5,S1
59,MAT104,75.7,S2
24,BIO104,76.3,S1
214,PHY103,89.5,S2
335,PHY101,61.9,S1
216,PHY104,75.2,S2
170,HIS104,78.4,S1
234,BIO101,47.5,S2
307,BIO102,68.2,S1
218,HIS103,79.5,S2
108,BIO102,36.2,S1
134,BIO101,47.5,S1
456,BIO101,38.8,S2
109,PHY101,72.3,S2
225,ENG101,70.3,S2
174,BIO102,53.8,S1
466,BIO103,85.1,S1
30,BIO103,62.9,S2
13,MAT101,59.1,S1
353,CHE104,74.2,S2
282,ENG101,65.8,S2
261,MAT102,48.5,S1
226,MAT104,58.4,S2
104,ENG102,85.7,S1
296,HIS103,62.4,S1
468,PHY102,82.1,S1
456,BIO101,72.8,S1
