student_id,name,year
1,Dev Khan,10
2,Hugo Taylor,13
3,Zoe Smith,13
4,Yusuf Smith,13
5,Hugo Ahmed,10
6,Dev Jones,10
7,Olivia Ahmed,13
8,Vera Khan,11
9,Maya Ito,12
10,Leo Murphy,10
11,Xena Khan,10
12,Ruby Rossi,12
13,Jack Okafor,11
14,Umar Smith,12
15,Ava Lopez,12
16,Olivia Nguyen,10
17,Maya Smith,13
18,Dev Nguyen,13
19,Maya Quinn,12
20,Noah Smith,13
21,Quinn Quinn,10
22,Sam Hughes,11
23,Ben Quinn,10
24,Will Taylor,13
25,Priya Evans,13
26,Hugo Davies,13
27,Vera Patel,12
28,Ruby Murphy,12
29,Ruby Quinn,13
30,Zoe Murphy,13
31,Grace Jones,12
32,Ava Brown,11
33,Umar Taylor,13
34,Zoe Quinn,13
35,Leo Garcia,12
36,Will Patel,13
37,Quinn Patel,13
38,Ruby Brown,12
39,Kiara Okafor,10
40,Olivia Quinn,12
41,Olivia Fischer,13
42,Xena Patel,10
43,Umar Ito,13
44,Leo Davies,11
45,Xena Nguyen,11
46,Olivia Ahmed,10
47,Ava Okafor,10
48,Tara Garcia,11
49,Dev Taylor,10
50,Yusuf Rossi,12
51,Vera Lopez,11
52,Ava Khan,13
53,Will Evans,11
54,Priya Smith,11
55,Tara Quinn,12
56,Chloe Nguyen,11
57,Ella Smith,12
58,Quinn Nguyen,13
59,Zoe Evans,11
60,Maya Ahmed,10
61,Maya Chen,10
62,Leo Lopez,10
63,Ava Quinn,13
64,Kiara Jones,13
65,Kiara Davies,13
66,Olivia Smith,11
67,Ella Smith,11
68,Noah Taylor,12
69,Olivia Taylor,11
70,Vera Chen,13
71,Ben Garcia,11
72,Ben Rossi,10
73,Olivia Garcia,13
74,Will Ahmed,11
75,Umar Quinn,11
76,Zoe Quinn,11
77,Finn Fischer,13
78,Isla Nguyen,13
79,Chloe Murphy,12
80,Finn Lopez,11
81,Isla Okafor,13
82,Yusuf Nguyen,12
83,Olivia Fischer,12
84,Quinn Patel,13
85,Dev Quinn,12
86,Dev Garcia,11
87,Ava Chen,13
88,Umar Khan,13
89,Ruby Fischer,10
90,Leo Fischer,12
91,Ruby Smith,11
92,Dev Taylor,12
93,Ruby Smith,11
94,Sam Jones,12
95,Vera Rossi,11
96,Dev Ito,10
97,Noah Fischer,10
98,Vera Brown,12
99,Xena Fischer,10
100,Quinn Khan,12
101,Sam Chen,12
102,Kiara Fischer,12
103,Isla Chen,10
104,Noah Ito,13
105,Ava Brown,10
106,Hugo Ahmed,12
107,Dev Davies,12
108,Kiara Okafor,10
109,Maya Khan,11
110,Tara Okafor,13
111,Vera Davies,12
112,Quinn Ito,13
113,Jack Lopez,10
114,Xena Nguyen,10
115,Jack Khan,12
116,Xena Davies,12
117,Yusuf Nguyen,12
118,Sam Ahmed,12
119,Grace Rossi,10
120,Xena Davies,11
121,Tara Davies,10
122,Ben Evans,12
123,Tara Jones,10
124,Noah Smith,11
125,Leo Nguyen,13
126,Maya Hughes,13
127,Vera Hughes,11
128,Finn Rossi,10
129,Vera Rossi,13
130,Isla Evans,11
131,Ava Ahmed,12
132,Ruby Patel,13
133,Isla Khan,11
134,Umar Smith,10
135,Finn Rossi,10
136,Umar Quinn,12
137,Kiara Quinn,12
138,Ben Ahmed,11
139,Priya Brown,11
140,Vera Quinn,11
141,Xena Murphy,12
142,Zoe Hughes,12
143,Kiara Garcia,12
144,Leo Okafor,13
145,Ruby Patel,12
146,Grace Fischer,13
147,Ella Patel,10
148,Leo Quinn,13
149,Zoe Brown,11
150,Chloe Jones,12
151,Ruby Ito,11
152,Will Davies,10
153,Ruby Garcia,12
154,Sam Brown,13
155,Maya Rossi,11
156,Quinn Davies,10
157,Ella Murphy,12
158,Ruby Ito,12
159,Ben Smith,11
160,Finn Jones,12
161,Ruby Jones,12
162,Ella Murphy,11
163,Xena Ahmed,13
164,Noah Lopez,11
165,Xena Quinn,10
166,Finn Khan,11
167,Finn Ahmed,10
168,Quinn Ahmed,12
169,Chloe Lopez,12
170,Grace Rossi,11
171,Tara Taylor,11
172,Ella Davies,12
173,Priya Davies,10
174,Maya Ito,12
175,Umar Davies,12
176,Priya Patel,10
177,Ruby Quinn,11
178,Leo Okafor,12
179,Chloe Chen,10
180,Zoe Patel,12
181,Isla Hughes,11
182,Kiara Nguyen,12
183,Kiara Patel,13
184,Kiara Fischer,11
185,Zoe Okafor,11
186,Will Lopez,12
187,Noah Smith,13
188,Grace Evans,13
189,Xena Smith,11
190,Noah Ito,12
191,Dev Khan,12
192,Olivia Ito,11
193,Ruby Ito,11
194,Kiara Evans,10
195,Isla Jones,13
196,Umar Murphy,13
197,Ava Rossi,12
198,Vera Nguyen,12
199,Dev Patel,11
200,Noah Lopez,12
201,Ben Murphy,11
202,Ava Ito,12
203,Ella Khan,13
204,Yusuf Patel,13
205,Kiara Ahmed,10
206,Yusuf Hughes,10
207,Vera Ito,12
208,Ava Garcia,13
209,Quinn Ito,12
210,Chloe Rossi,11
211,Ruby Ahmed,10
212,Ella Khan,11
213,Olivia Garcia,11
214,Will Jones,10
215,Sam Nguyen,11
216,Dev Ahmed,12
217,Noah Brown,11
218,Ruby Quinn,11
219,Priya Khan,12
220,Leo Khan,13
221,Isla Patel,12
222,Isla Brown,13
223,Ella Ahmed,13
224,Zoe Lopez,12
225,Yusuf Okafor,11
226,Leo Ito,13
227,Jack Garcia,10
228,Noah Chen,12
229,Priya Taylor,10
230,Quinn Quinn,12
231,Priya Khan,12
232,Leo Fischer,10
233,Ruby Fischer,12
234,Quinn Quinn,13
235,Umar Davies,11
236,Ava Okafor,11
237,Grace Nguyen,11
238,Quinn Garcia,12
239,Yusuf Patel,11
240,Ruby Khan,12
241,Umar Murphy,11
242,Ella Taylor,11
243,Xena Evans,11
244,Zoe Smith,10
245,Zoe Brown,12
246,Zoe Jones,11
247,Ella Ito,12
248,Ella Okafor,11
249,Finn Brown,11
250,Vera Evans,13
251,Umar Taylor,13
252,Ruby Ahmed,12
253,Hugo Quinn,12
254,Ruby Chen,13
255,Vera Nguyen,11
256,Kiara Evans,10
257,Priya Ahmed,10
258,Dev Lopez,12
259,Kiara Ahmed,11
260,Quinn Garcia,10
261,Noah Nguyen,11
262,Finn Hughes,11
263,Vera Patel,11
264,Leo Fischer,13
265,Xena Nguyen,13
266,Leo Garcia,12
267,Umar Okafor,13
268,Chloe Garcia,11
269,Dev Chen,12
270,Will Taylor,11
271,Dev Fischer,11
272,Umar Nguyen,11
273,Noah Ahmed,11
274,Umar Ito,12
275,Xena Lopez,13
276,Ava Patel,13
277,Isla Lopez,13
278,Ella Davies,11
279,Ruby Hughes,12
280,Olivia Murphy,10
281,Will Rossi,12
282,Yusuf Ito,10
283,Olivia Okafor,12
284,Ruby Quinn,10
285,Isla Jones,10
286,Chloe Smith,10
287,Chloe Quinn,13
288,Sam Davies,13
289,Zoe Smith,13
290,Tara Patel,10
291,Ella Khan,11
292,Ava Davies,13
293,Chloe Fischer,12
294,Ava Brown,10
295,Yusuf Taylor,10
296,Xena Khan,11
297,Jack Patel,11
298,Kiara Okafor,11
299,Maya Hughes,12
300,Noah Brown,13
301,Hugo Taylor,11
302,Olivia Garcia,10
303,Sam Patel,13
304,Priya Quinn,10
305,Priya Garcia,13
306,Xena Brown,13
307,Zoe Evans,12
308,Hugo Quinn,12
309,Isla Nguyen,10
310,Leo Taylor,11
311,Quinn Davies,12
312,Zoe Garcia,10
313,Ruby Fischer,13
314,Maya Davies,10
315,Zoe Nguyen,13
316,Ava Hughes,11
317,Ben Ito,11
318,Quinn Ito,12
319,Chloe Ito,11
320,Ben Garcia,10
321,Olivia Rossi,10
322,Leo Okafor,10
323,Grace Patel,10
324,Jack Chen,11
325,Umar Chen,12
326,Grace Ahmed,12
327,Tara Brown,13
328,Isla Chen,11
329,Ruby Quinn,11
330,Priya Brown,12
331,Hugo Rossi,13
332,Olivia Chen,11
333,Ben Ahmed,13
334,Maya Rossi,10
335,Olivia Taylor,11
336,Finn Hughes,11
337,Ruby Garcia,12
338,Maya Ito,11
339,Olivia Chen,10
340,Leo Chen,11
341,Sam Quinn,11
342,Priya Evans,12
343,Finn Patel,10
344,Ella Ahmed,13
345,Chloe Patel,13
346,Vera Smith,12
347,Quinn Lopez,10
348,Xena Smith,10
349,Umar Ito,11
350,Dev Murphy,11
351,Jack Taylor,11
352,Jack Rossi,10
353,Ava Khan,11
354,Will Okafor,10
355,Hugo Patel,11
356,Tara Quinn,13
357,Dev Chen,11
358,Ava Taylor,12
359,Ella Nguyen,12
360,Ava Okafor,12
361,Ella Murphy,10
362,Olivia Smith,10
363,Dev Hughes,12
364,Olivia Chen,13
365,Isla Okafor,13
366,Xena Jones,12
367,Olivia Taylor,13
368,Priya Jones,12
369,Finn Davies,10
370,Grace Garcia,12
371,Will Murphy,11
372,Will Khan,11
373,Zoe Davies,11
374,Maya Evans,12
375,Umar Rossi,13
376,Grace Taylor,12
377,Ruby Rossi,13
378,Will Ito,12
379,Olivia Hughes,11
380,Quinn Jones,10
381,Xena Taylor,11
382,Jack Fischer,13
383,Vera Smith,11
384,Olivia Murphy,13
385,Vera Brown,12
386,Xena Brown,12
387,Ruby Jones,13
388,Hugo Rossi,12
389,Zoe Taylor,12
390,Leo Murphy,11
391,Ava Nguyen,13
392,Maya Taylor,12
393,Zoe Hughes,13
394,Leo Ahmed,10
395,Hugo Garcia,11
396,Priya Taylor,13
397,Priya Fischer,13
398,Quinn Garcia,12
399,Ava Rossi,10
400,Dev Davies,11
401,Maya Davies,13
402,Tara Lopez,10
403,Noah Hughes,12
404,Jack Ahmed,10
405,Chloe Khan,11
406,Olivia Nguyen,10
407,Umar Davies,11
408,Zoe Rossi,13
409,Kiara Taylor,11
410,Dev Chen,12
411,Hugo Evans,13
412,Olivia Davies,13
413,Yusuf Evans,10
414,Ava Okafor,13
415,Chloe Okafor,13
416,Ben Okafor,13
417,Leo Davies,10
418,Noah Fischer,13
419,Umar Chen,12
420,Will Rossi,11
421,Noah Davies,12
422,Finn Ahmed,11
423,Tara Taylor,12
424,Isla Nguyen,10
425,Will Hughes,12
426,Yusuf Chen,13
427,Umar Chen,12
428,Kiara Nguyen,12
429,Hugo Taylor,11
430,Quinn Nguyen,12
431,Ben Rossi,12
432,Quinn Okafor,12
433,Noah Ito,11
434,Will Smith,13
435,Finn Lopez,12
436,Isla Jones,10
437,Tara Hughes,10
438,Grace Taylor,12
439,Will Khan,10
440,Vera Khan,13
441,Umar Nguyen,13
442,Tara Murphy,10
443,Leo Nguyen,13
444,Sam Khan,13
445,Leo Ahmed,12
446,Maya Lopez,12
447,Zoe Patel,10
448,Leo Nguyen,13
449,Ben Taylor,10
450,Will Jones,10
451,Dev Khan,13
452,Isla Murphy,12
453,Will Ito,10
454,Grace Garcia,10
455,Chloe Hughes,11
456,Ben Lopez,13
457,Dev Taylor,10
458,Jack Evans,10
459,Noah Hughes,10
460,Will Chen,10
461,Zoe Chen,13
462,Ben Evans,13
463,Ruby Ahmed,12
464,Noah Lopez,13
465,Grace Brown,13
466,Jack Evans,12
467,Umar Rossi,11
468,Tara Murphy,10
469,Chloe Okafor,13
470,Priya Okafor,11
471,Zoe Ahmed,12
472,Yusuf Davies,11
473,Noah Garcia,12
474,Xena Okafor,11
475,Grace Khan,11
476,Yusuf Jones,10
477,Dev Garcia,13
478,Maya Chen,12
479,Maya Chen,10
480,Leo Smith,10
